"","x"
"3",2020-10-12
"4",2020-09-15
"5",2020-07-06
"6",2020-07-06
"7",2020-07-06
"8",2020-05-28
"9",2020-02-18
"10",2020-02-13
"11",2020-02-05
"12",2020-01-03
"13",2019-12-31
"14",2019-11-20
"15",2019-11-02
"16",2019-06-27
"17",2018-07-18
"18",2017-03-29
"19",2016-12-04
"20",2016-05-17
"21",2016-05-16
"22",2016-05-15
"23",2016-05-14
"24",2016-05-13
"25",2016-05-12
"26",2016-05-11
"27",2016-05-10
"28",2016-05-09
"29",2016-05-08
"30",2016-05-07
"31",2016-05-06
"32",2016-05-05
"33",2015-07-06
"34",2015-07-05
"35",2015-07-04
"36",2015-07-03
"37",2015-06-08
"38",2015-06-07
"39",2015-06-06
"40",2015-06-05
"41",2015-06-04
